region,region_code,metric,1991,1992,1993,1994,1995,1996,1997,1998,1999,2000,2001,2002,2003,2004,2005,2006,2007,2008,2009,2010,2011,2012,2013,2014,2015,2016,2017,2018,2019,2020,2021,2022,2023,2024,2025,2026,2027,2028,2029,2030,2031,2032,2033,2034,2035,2036,2037,2038,2039,2040,2041,2042,2043,2044,2045,2046,2047,2048,2049,2050
East,E12000006,emp_total_jobs,,,,,,,,,,,,,,,,,,,2423000.0,2400000.0,2405000.0,2419000.0,2447000.0,2557000.0,2611000.0,2701000.0,2763000.0,2764000.0,2784000.0,2780000.0,2829000.0,2821000.0,2891000.0,2908000.0,2978789.587172805,3012179.671481021,3041648.1584493383,3072308.303187413,3103477.6318221595,3131042.3867175,3152022.887854966,3167557.6299734097,3182255.669359872,3200914.6710264473,3225346.5142956073,3253492.7898922237,3281172.6726356787,3305073.695471115,3324891.511908174,3343228.7554023573,3363645.1684915004,3388204.3343244637,3416308.242672894,3445339.270607424,3472527.459145363,3496735.6365465783,3519012.780891402,3541676.430321685,3566681.231001861,3594403.096243512
East,E12000006,employment_rate_pct,,,,,,,,,,,,,,,76.5,75.6,75.2,75.6,74.8,73.4,73.4,74.0,74.9,75.7,76.3,77.1,77.0,78.1,78.3,78.1,76.9,77.9,78.2,76.2,78.7,78.29666666666668,78.47991341991344,78.6631601731602,78.84640692640696,79.0296536796537,79.21290043290045,79.39614718614722,79.57939393939397,79.76264069264072,79.94588744588748,80.12913419913423,80.31238095238099,80.49562770562774,80.67887445887449,80.86212121212125,81.045367965368,81.22861471861476,81.41186147186151,81.59510822510826,81.77835497835503,81.96160173160177,82.14484848484854,82.32809523809529,82.51134199134204,82.6945887445888
East,E12000006,gdhi_total_mn_gbp,,,,,,,58850.0,60202.0,63177.0,66930.0,70299.0,72509.0,74492.0,77331.0,80884.0,84018.0,88265.0,92004.0,95129.0,96756.0,98404.0,102794.0,107406.0,112034.0,119492.0,122572.0,126960.0,132526.0,136939.0,136868.0,142751.0,151771.0,166455.0,168215.72216240547,174322.24984077516,182401.37172623753,189839.1834555498,197508.07593956782,205476.95764291196,213757.14818548143,222360.37722064598,231298.79860960366,240585.0050601322,250232.0432440276,260253.42940798315,270663.16549304157,281475.7557782232,292706.22406436084,304370.1314146273,316483.59446874337,329063.3043483058,342126.5461711796,355691.2191934379,369775.8575978111,384399.6519481949,399582.471330286,415344.8861989798,431708.1919537999,448694.433264158,466326.4291669043
East,E12000006,income_per_worker_gbp,,,,,,,,,,,,,,,,,,,39265.300765992615,40317.71329049201,40915.68564785727,42497.76665083178,43894.82042508053,43800.68985894636,45447.59294944441,45393.81405916523,45953.06293449793,47954.96552821336,49183.944411589895,49241.74157426508,50470.0859196834,53804.71360372703,57603.182146819614,57845.76289956326,58513.24358609149,60543.13788151059,62430.00936174978,64301.68836223724,66228.19816229263,68320.10642868494,70586.0795398937,72948.78931023611,75587.81222575872,78217.67945050252,80716.02404031174,83209.14683771638,85812.33333875332,88706.78867851099,91599.68921635996,94766.48945713963,97867.93062842038,101076.36393127198,104196.89623026164,107385.72341399682,110847.67118527155,114353.64592272787,118271.85561809549,122089.5803761908,126019.70215150027,129889.39468844324
East,E12000006,nominal_gva_mn_gbp,,,,,,,,77552.0,80595.0,84942.0,89423.0,92845.0,98776.0,101960.0,107535.0,112826.0,117070.0,121766.0,118559.0,119996.0,120744.0,124608.0,130010.0,137035.0,141969.0,148110.0,158305.0,161802.0,168571.0,159982.0,173622.0,187608.0,205310.0,208578.1894801354,216764.19938775143,222424.441934155,227631.58478886553,232568.2944941244,237375.92693086344,242159.46529435468,246994.19207742135,251932.3610944156,257009.0577176153,262246.9765368778,267660.1290790046,273256.620284776,279040.670741232,285014.0559999959,291157.19898045616,297487.53634210845,304008.31324603467,310720.7245136512,317624.8938527101,324720.51321509894,332007.247996083,339484.98282411037,347153.9604197228,355014.85008430615,363068.77107003523,371317.28809393145
East,E12000006,population_16_64,3277951.0,3284204.0,3281436.0,3286101.0,3299920.0,3318190.0,3341711.0,3364857.0,3384053.0,3409463.0,3428690.0,3450579.0,3479466.0,3504116.0,3548702.0,3586629.0,3620187.0,3649304.0,3665808.0,3694277.0,3719075.0,3719105.0,3734063.0,3761865.0,3787652.0,3818435.0,3834843.0,3848116.0,3861902.0,3876488.0,3912332.0,3929454.0,3981458.0,4028657.0,4045221.6531479745,4063126.947509865,4082263.46778085,4102544.672066733,4118945.85470176,4135904.18832139,4152892.062231398,4169797.205611938,4186621.8120649946,4203367.974863859,4220037.69069573,4236632.863265435,4253155.306765536,4269606.749217803,4285988.835690714,4302303.131397796,4318551.1246811235,4334734.2298843125,4350853.790119081,4366911.079929435,4382907.307857244,4398843.618912852,4414721.09695439,4430540.766979093,4446303.597329921,4462010.501820732
East,E12000006,population_total,5121052.0,5142589.0,5154369.0,5177915.0,5205700.0,5232760.0,5266915.0,5302028.0,5338722.0,5374972.0,5400463.0,5432688.0,5474133.0,5508564.0,5562653.0,5606294.0,5653534.0,5708350.0,5751443.0,5807402.0,5862418.0,5915033.0,5970484.0,6039521.0,6098262.0,6161075.0,6202843.0,6237376.0,6274179.0,6297779.0,6349646.0,6402514.0,6493348.0,6576306.0,6603011.360317135,6644780.237924784,6707546.210232031,6770419.387408261,6829337.549651683,6885689.665531016,6937802.88661019,6989845.453622842,7041820.405411786,7093730.7904704185,7145579.664443065,7197370.087747893,7249105.123317301,7300787.834452629,7352421.282788692,7404008.52636474,7455552.617797822,7507056.602554666,7558523.517319138,7609956.388450849,7661358.230532317,7712732.045000773,7764080.81886147,7815407.523479365,7866715.113446164,7918006.525519516
East,E12000006,productivity_gbp_per_job,,,,,,,,,,,,,,,,,,,48933.996674322996,50009.5365326519,50216.271610189346,51514.26131761749,53135.57690441696,53597.79297028503,54019.25355682838,54843.280090202796,57308.27939592419,58535.90133462205,60562.57870281514,57544.994378299925,61377.21370360033,66495.56297467089,71009.42487926791,71722.2531145915,72732.07812824953,73814.71265452827,74812.44768950599,75627.49012229157,76368.64344719393,77247.12640202597,78361.11614728654,79456.87841643834,80515.80471626959,81765.84471801619,82784.4677631334,83822.17789446535,84601.50447897351,85956.8724122179,87321.24573901371,88522.9277294303,90020.42980985611,91165.27407878585,92442.34099794096,93826.59102783317,95059.15818150625,96476.01723592705,98078.90105119179,99534.85901843193,100854.62793329597,102787.89882892116
East,E12000006,unemployment_rate_pct,,,,,,,,,,,,,,,3.8,4.4,4.3,4.2,5.8,6.6,6.7,6.7,6.5,5.4,4.6,3.7,3.9,3.6,3.2,3.5,4.3,3.0,3.5,3.5,3.5,3.358095238095238,3.253419913419913,3.1487445887445884,3.0440692640692637,2.939393939393939,2.8347186147186143,2.73004329004329,2.6253679653679654,2.5206926406926407,2.416017316017316,2.3113419913419913,2.2066666666666666,2.101991341991342,1.9973160173160172,1.8926406926406925,1.7879653679653678,1.683290043290043,1.5786147186147188,1.4739393939393937,1.3692640692640694,1.2645887445887443,1.15991341991342,1.0552380952380958,0.9505627705627706,0.8458874458874464
East Midlands,E12000004,emp_total_jobs,,,,,,,,,,,,,,,,,,,1907000.0,1906000.0,1902000.0,1903000.0,1907000.0,1947000.0,1995000.0,2062000.0,2062000.0,2070000.0,2089000.0,2049000.0,2109000.0,2167000.0,2137000.0,2177000.0,2190428.0010147626,2205893.6360887024,2218335.397947095,2231503.4730503946,2244894.4750286336,2255541.3717870982,2261339.4116708655,2263161.016074052,2264334.253584443,2268266.6293391883,2276202.653466262,2286645.9855023026,2296638.8618700113,2303877.111497695,2308182.695111273,2311390.55352308,2315964.804628945,2323303.3152237497,2332963.2963089044,2343135.429115792,2351936.6734313997,2358616.1832090137,2363904.120144986,2369367.536148221,2376306.1270888885,2384950.7222709367
East Midlands,E12000004,employment_rate_pct,,,,,,,,,,,,,,,73.8,74.4,74.3,73.7,72.9,71.5,70.9,71.0,71.1,72.9,73.7,74.5,73.9,74.5,76.0,76.6,74.1,75.1,75.1,75.7,74.7,75.36714285714287,75.507012987013,75.64688311688313,75.78675324675325,75.92662337662338,76.06649350649352,76.20636363636365,76.34623376623378,76.4861038961039,76.62597402597403,76.76584415584416,76.9057142857143,77.04558441558443,77.18545454545455,77.32532467532468,77.46519480519481,77.60506493506495,77.74493506493508,77.88480519480521,78.02467532467533,78.16454545454546,78.3044155844156,78.44428571428573,78.58415584415586,78.72402597402598
East Midlands,E12000004,gdhi_total_mn_gbp,,,,,,,39720.0,40615.0,42642.0,44420.0,46505.0,48092.0,50384.0,52807.0,54673.0,56977.0,60776.0,61984.0,63449.0,64067.0,65759.0,68436.0,71028.0,73852.0,78062.0,79002.0,81969.0,85164.0,88634.0,89607.0,92876.0,98673.0,108089.0,109456.92980493089,112446.82360758919,117440.47531437449,122003.10621680689,126696.67562774637,131564.5300534284,136612.88701775044,141848.1758723667,147277.04463709923,152906.367047819,158743.24981763455,164795.04011740428,171069.3332817234,177573.98074670948,184317.0982260718,191307.0741321073,198552.57824845574,206062.57066161034,213846.31095835593,221913.36769650862,230273.62815650305,238937.3083815738,247914.9635144871,257217.4984389418,266856.17873403325,276842.6419503229,287188.9092163026
East Midlands,E12000004,income_per_worker_gbp,,,,,,,,,,,,,,,,,,,33275.79732497278,33622.6758715442,34587.163760069816,35963.34359521096,37249.10957037876,37933.15841686332,38837.34933360641,38318.8414275226,39756.594730279176,41153.339203270865,42430.81576095942,43729.38707133704,44056.81397059802,45539.80716496749,50588.11167947711,50281.92936382275,51345.99284140681,53228.76618944762,54995.73116741731,56773.7830058025,58616.448863541795,60604.210107758234,62734.96566884117,65035.3873293673,67454.49229053555,69965.91682979243,72375.74186879135,74800.77108593614,77271.14889122728,79934.78781286762,82787.31839850561,85846.99669476492,88904.07380968473,91983.06685730536,95113.28831651974,98257.74554000495,101510.94197344202,105092.67936910415,108738.72098847566,112600.25076889929,116381.07281284008,120231.3639277606
East Midlands,E12000004,nominal_gva_mn_gbp,,,,,,,,54263.0,55733.0,57797.0,60160.0,62582.0,65730.0,68954.0,72582.0,76609.0,80126.0,83432.0,81084.0,83954.0,85178.0,88426.0,92063.0,95446.0,98321.0,100929.0,104692.0,109384.0,113395.0,110619.0,118965.0,128254.0,139722.0,143601.82603704688,148703.43768763775,152602.62609749762,156191.74069853013,159596.03453544911,162912.4620514479,166213.05339216845,169549.48117281357,172957.63018269424,176461.61262953267,180077.0425682052,183813.5776411398,187676.82284566542,191669.71743174506,195793.52224357578,200034.82867190562,204405.65479763923,208908.27168445953,213543.54224980855,218311.59356482487,223212.2559574606,228245.34141786816,233410.8125799651,238708.8782830365,244140.04080126737,249705.11207225715,255405.21077554036
East Midlands,E12000004,population_16_64,2568616.0,2578116.0,2583477.0,2588508.0,2599638.0,2612702.0,2622069.0,2631575.0,2647199.0,2660124.0,2678372.0,2706046.0,2734221.0,2766396.0,2799469.0,2833494.0,2862836.0,2882436.0,2893509.0,2908899.0,2919158.0,2916044.0,2920926.0,2931881.0,2948132.0,2972061.0,2994325.0,3010552.0,3021159.0,3027024.0,3042790.0,3071450.0,3112252.0,3146117.0,3159171.0049087293,3172421.6665785634,3186627.1389503404,3201719.2191678337,3213776.801589364,3226263.257313737,3238766.813059415,3251199.9171421,3263564.326287824,3275861.7174315783,3288093.6907245386,3300261.7724291435,3312367.417706025,3324412.013297067,3336396.880108263,3348323.2756963363,3360192.3966625673,3372005.380957432,3383763.310099326,3395467.2113106064,3407118.0595741225,3418716.7796131005,3430264.2477974244,3441761.2939788694,3453208.7032581996,3464607.2176864496
East Midlands,E12000004,population_total,4011411.0,4036691.0,4055893.0,4071720.0,4091663.0,4108070.0,4120320.0,4132645.0,4152443.0,4168076.0,4189622.0,4221753.0,4255080.0,4291476.0,4329112.0,4366676.0,4404774.0,4441125.0,4471653.0,4507071.0,4537448.0,4570702.0,4604568.0,4642629.0,4681640.0,4731615.0,4778346.0,4815151.0,4844001.0,4855469.0,4881559.0,4936277.0,5004242.0,5063164.0,5081379.86457705,5111163.841512476,5141835.276512977,5183539.543126657,5225135.592687098,5264711.447432191,5300992.9414430605,5337169.362700885,5373243.191031678,5409216.907196008,5445092.990970145,5480873.919328241,5516562.164721289,5552160.193449899,5587670.4641272165,5623095.426228709,5658437.518725725,5693699.168799265,5728882.790631405,5763990.784270806,5799025.53456971,5833989.410189502,5868884.762671893,5903713.925573196,5938479.213659022,5973182.922156774
East Midlands,E12000004,productivity_gbp_per_job,,,,,,,,,,,,,,,,,,,42522.342753734396,44048.49191316923,44778.81580767741,46472.561213318775,48274.88714788761,49038.747887437974,48928.321184683795,48944.249990002245,50765.42015358251,52845.88583043363,54297.047874081596,53996.419175387404,56412.78106329569,59193.94390408773,65395.83313601268,65944.5049333087,67871.22132062244,69141.2463368815,70374.3015211309,71424.61521571042,72461.20799074633,73580.60796137167,75003.82974517286,76472.72817871532,77809.87768487,79159.04963897211,80613.13611142879,81903.10351092232,83229.44054121355,84832.19071918915,86559.01331962361,88138.99400850537,89927.51104197904,91587.92406342427,93136.84214827236,94880.68688450869,96452.73095767341,98539.79751441618,100444.46462836437,102537.77686553267,104663.05913168914,106413.06021329509
East Midlands,E12000004,unemployment_rate_pct,,,,,,,,,,,,,,,4.3,5.0,4.9,5.3,6.8,7.2,7.7,8.1,7.9,6.5,5.1,4.2,4.4,3.9,4.6,4.0,5.4,3.1,3.6,4.4,3.9,3.9109523809523785,3.7890043290043267,3.667056277056275,3.5451082251082227,3.423160173160171,3.3012121212121186,3.179264069264067,3.057316017316015,2.9353679653679627,2.813419913419911,2.6914718614718587,2.569523809523807,2.4475757575757546,2.325627705627703,2.203679653679651,2.081731601731599,1.9597835497835465,1.8378354978354947,1.715887445887443,1.593939393939391,1.4719913419913393,1.3500432900432866,1.2280952380952348,1.106147186147183,0.9841991341991312
London,E12000007,emp_total_jobs,,,,,,,,,,,,,,,,,,,4143000.0,4206000.0,4304000.0,4447000.0,4560000.0,4737000.0,4894000.0,5019000.0,5138000.0,5148000.0,5252000.0,5121000.0,5329000.0,5618000.0,5675000.0,5743000.0,5886557.983134007,5992039.486625371,6090808.7555920305,6193027.042268953,6297366.878152172,6395456.02634311,6481031.418480767,6556189.285963447,6630315.914637104,6713445.135486061,6809573.644327185,6914576.472197946,7019675.16318693,7117726.097376653,7207917.3367989585,7295761.121744645,7389020.683564221,7492357.546905879,7604630.967123702,7720141.909197803,7832694.210625494,7939633.896012047,8043234.226147023,8148749.121421808,8260732.453176581,8380177.819821556
London,E12000007,employment_rate_pct,,,,,,,,,,,,,,,67.9,67.7,68.5,69.3,67.9,67.6,67.3,67.3,68.8,70.7,72.3,73.1,73.7,74.2,74.5,75.2,73.9,75.8,75.1,75.2,75.5,76.89285714285714,77.38311688311687,77.87337662337661,78.36363636363636,78.85389610389609,79.34415584415584,79.83441558441558,80.32467532467533,80.81493506493506,81.3051948051948,81.79545454545455,82.28571428571428,82.77597402597402,83.26623376623377,83.75649350649351,84.24675324675324,84.73701298701299,85.22727272727272,85.71753246753246,86.20779220779221,86.69805194805195,87.18831168831169,87.67857142857143,88.16883116883118,88.6590909090909
London,E12000007,gdhi_total_mn_gbp,,,,,,,90565.0,94240.0,101385.0,110052.0,115425.0,117768.0,123210.0,130614.0,139758.0,148382.0,161002.0,168274.0,170256.0,173920.0,175542.0,188857.0,201528.0,212697.0,230764.0,236922.0,241989.0,257108.0,263248.0,258583.0,270429.0,288711.0,316319.0,332173.20049629395,353301.8075649926,372820.4627294597,391323.6560323454,410595.04825024196,430794.9266725312,451966.97692764585,474156.8877020977,497412.44003367267,521783.6004649539,547322.6182185609,574084.1265621558,602125.2485378874,631505.7072381101,662287.9408164622,694537.2224309725,728321.7853238095,763712.953250448,800785.2764795179,839616.6735935075,880288.5793296183,922886.098709639,967498.1677176122,1014217.7207943,1063141.8654282484,1114372.0641342422,1168014.324121467
London,E12000007,income_per_worker_gbp,,,,,,,,,,,,,,,,,,,41100.053251986836,41345.03264648199,40796.00904921138,42477.87738517109,44205.26960469978,44907.15990270194,46873.39531499322,47216.95225334488,47092.20436115603,49947.11505558754,50129.20374894654,50486.608739178875,50743.60346625904,51401.23173368801,55737.482393586615,57834.85439150183,60024.93700872941,62242.31158889091,64228.43632612276,66257.10442080702,68373.35923469577,70581.37761777225,73166.26301676831,75792.4664692537,78673.5668301073,81404.72602796488,84194.94625739823,86886.25802601098,89798.51729878203,92956.99826732988,96286.06183865716,99501.31132769978,103243.96690443643,106733.499603641,109914.82866730035,113727.01692009723,117659.35291028161,121467.7708053257,125518.51377770137,129755.40445637725,134599.72434785694,139048.77340351435
London,E12000007,nominal_gva_mn_gbp,,,,,,,,180822.0,189934.0,204138.0,211431.0,219404.0,232216.0,243884.0,263752.0,279614.0,303485.0,311931.0,307243.0,319155.0,331055.0,344979.0,362515.0,386936.0,400610.0,425828.0,441034.0,457797.0,472257.0,435749.0,468464.0,529771.0,577141.0,614535.114921624,644306.1409395876,666982.0226097971,688638.0966623493,709799.9022312342,730884.9259823787,752212.7396821344,774021.2444352676,796483.898583933,819725.3717110158,843834.6255251021,868875.2758638093,894893.4988527446,921923.8959130037,949993.7485892187,979059.0939817171,1009199.5594612405,1040448.626252342,1072833.4511087346,1106377.977742396,1141105.0269527975,1177037.6716673626,1214200.1164161162,1252618.2376003307,1292319.8951831022,1333335.093508552,1375696.045383753
London,E12000007,population_16_64,4530917.0,4514598.0,4513090.0,4527439.0,4556914.0,4606533.0,4642411.0,4685777.0,4780580.0,4874543.0,4974573.0,5025296.0,5038546.0,5076217.0,5150699.0,5221068.0,5298039.0,5387169.0,5478584.0,5558486.0,5664416.0,5726145.0,5800997.0,5873113.0,5955594.0,6010793.0,6024971.0,6066064.0,6113644.0,6099549.0,6062210.0,6104266.0,6208153.0,6275855.0,6420047.236617164,6539400.573112166,6646410.746998582,6712051.525756658,6771795.936023739,6832884.273067911,6894456.816899721,6956329.781928839,7018507.637298876,7080994.7522535715,7143795.399160692,7206913.756433018,7270353.911349621,7334119.8627805775,7398215.523818378,7462644.724319018,7527411.213355528,7592518.661587049,7657970.663545879,7723770.739845413,7789922.3393113855,7856428.841038842,7923293.556377461,7990519.730847346,8058110.545987574,8126069.121139761
London,E12000007,population_total,6829314.0,6829408.0,6844491.0,6873527.0,6913123.0,6974407.0,7014838.0,7065497.0,7153912.0,7236712.0,7322403.0,7376671.0,7394817.0,7432730.0,7519009.0,7597825.0,7693473.0,7812161.0,7942594.0,8061495.0,8204407.0,8320767.0,8438987.0,8547192.0,8659545.0,8743651.0,8776229.0,8833335.0,8889743.0,8867008.0,8804769.0,8871368.0,8999705.0,9089736.0,9253704.169566356,9442045.91068929,9580258.688398128,9690472.195093453,9795435.575071245,9897110.623728713,9993065.668804955,10089279.739644855,10185757.682545543,10282504.395202234,10379524.823419396,10476823.957955498,10574406.831497235,10672278.515760088,10770444.11871159,10868908.781913362,10967677.677979046,11066756.008143552,11166148.999941986,11265861.90499276,11365899.996883247,11466268.569153715,11566972.933376906,11668018.417329598,11769410.363253506,11871154.12620215
London,E12000007,productivity_gbp_per_job,,,,,,,,,,,,,,,,,,,74171.58029926744,75900.73068781629,76948.6776921426,77605.86749845481,79500.31230655145,81668.02592987234,81367.45012263826,84855.32388297765,85862.87640272913,88929.96995281687,89927.701569019,85104.49506047802,87935.7290576593,94292.46054946011,101698.08336330869,106983.304099309,109408.88114985306,111168.14453248848,112864.00285453052,114447.86046772332,115901.75000392644,117252.71064855004,119268.13278783209,121461.7872958755,123270.11775506902,125390.98821611104,127239.71657712063,129046.34269743231,130580.3193634816,132607.79863701615,135103.91862834463,137428.8675339092,140026.31873945324,142352.79581423875,144410.39224799248,146970.82056803003,149216.2859885508,151817.10690402924,154516.0534474438,158003.52012051057,159899.7311524338,162722.57098626127
London,E12000007,unemployment_rate_pct,,,,,,,,,,,,,,,7.2,7.8,7.5,6.5,8.3,9.1,9.3,9.5,9.1,7.6,6.5,6.1,5.5,5.1,4.7,4.6,6.5,4.7,4.6,4.9,5.5,4.516666666666666,4.318614718614718,4.12056277056277,3.922510822510822,3.7244588744588745,3.526406926406926,3.3283549783549784,3.130303030303031,2.9322510822510823,2.7341991341991347,2.5361471861471863,2.3380952380952387,2.140043290043291,1.9419913419913426,1.743939393939395,1.5458874458874465,1.347835497835499,1.1497835497835514,0.9517316017316029,0.7536796536796553,0.5770701488987215,0.44184549115019034,0.33830798287231495,0.25903238477594964,0.19833341144669306
North East,E12000001,emp_total_jobs,,,,,,,,,,,,,,,,,,,1012000.0,1011000.0,1006000.0,1001000.0,1006000.0,1034000.0,1054000.0,1037000.0,1064000.0,1052000.0,1070000.0,1040000.0,1087000.0,1069000.0,1103000.0,1113000.0,1101604.0547931201,1105651.0879428869,1108147.8946756034,1110977.0052021423,1113885.1668327812,1115404.195212289,1114510.6288670357,1111657.2454014688,1108493.0442180105,1106683.7320365696,1106820.8567947699,1108159.6398951542,1109259.3332882724,1109013.1070478726,1107349.0466580756,1105158.7740561517,1103621.8334617268,1103395.5478379591,1104257.119439905,1105342.0171034297,1105762.6054406585,1105173.6850004317,1103926.3648444773,1102756.6065617169,1102266.5010799111,1102555.9007181206
North East,E12000001,employment_rate_pct,,,,,,,,,,,,,,,68.7,68.9,69.5,68.8,67.6,66.2,65.8,65.2,66.4,67.6,68.8,69.4,70.2,70.6,71.4,71.3,70.6,70.6,71.2,70.9,70.3,71.2147619047619,71.4117748917749,71.60878787878788,71.80580086580086,72.00281385281386,72.19982683982684,72.39683982683982,72.59385281385282,72.7908658008658,72.9878787878788,73.18489177489178,73.38190476190476,73.57891774891776,73.77593073593074,73.97294372294373,74.16995670995672,74.3669696969697,74.56398268398269,74.76099567099568,74.95800865800867,75.15502164502165,75.35203463203464,75.54904761904763,75.74606060606061,75.9430735930736
North East,E12000001,gdhi_total_mn_gbp,,,,,,,23298.0,23396.0,24188.0,25362.0,26512.0,26997.0,27819.0,29097.0,29780.0,30909.0,31808.0,32669.0,34192.0,34918.0,35399.0,36951.0,37893.0,39035.0,40507.0,41136.0,42051.0,43215.0,44816.0,45392.0,46750.0,49402.0,54165.0,54748.51513948224,56085.34567355085,57474.416649856576,59372.04789216874,61309.91727250657,63308.0152961129,65368.10852815174,67492.0118153522,69681.58949314734,71938.7566196944,74265.4802372779,76663.78066163066,79135.73279969003,81683.46749633779,84309.17291066442,87015.0959223134,89803.54356847508,92676.88451209675,95637.55054189566,98688.03810476518,101830.90987117529,105068.79633417744,108404.3974426391,111840.48426932612,115379.90071448915,119025.56524559452,122780.47267386029
North East,E12000001,income_per_worker_gbp,,,,,,,,,,,,,,,,,,,33798.803170568965,34537.94461779424,35189.81434977084,36917.87213444977,37679.271430070316,37747.37468239406,38113.668404028576,39686.30828691249,39523.28163700762,41086.079962310694,41888.943520437155,43663.869781569905,43020.0312315083,46220.69894609909,49112.185179921915,49198.59326096237,50904.67575061818,51972.155121215,53585.39617822378,55174.40416581669,56860.91769313896,58596.04036585843,60596.28654694085,62740.6637338099,64940.243253727254,67149.52455366263,69279.24693440027,71455.45703443029,73655.65653820909,76015.64188768716,78701.84520611566,81365.0227997851,84112.07178913192,86751.25776801853,89359.13621628961,92202.6998737613,95019.94854886255,98116.39600243804,101352.78176656953,104655.83777314774,108026.98848645108,111413.29558534901
North East,E12000001,nominal_gva_mn_gbp,,,,,,,,28817.0,29252.0,30140.0,31410.0,33536.0,35461.0,38415.0,40232.0,42379.0,43248.0,44424.0,44217.0,44838.0,45621.0,46772.0,47447.0,48865.0,50570.0,51319.0,52719.0,53545.0,56060.0,52695.0,57240.0,62364.0,68891.0,70274.96146273227,72334.3772395258,73891.41947939983,75283.24511214618,76572.11211707647,77805.64394082036,79018.75559509534,80236.09566410119,81474.42655360897,82744.68255848227,84053.62807121544,85405.13163610273,86801.11124965746,88242.21664516957,89728.31034211443,91252.55917471198,92819.79495887576,94430.34984515075,96083.91028613105,97779.83281182626,99517.34736874064,101295.68386248009,103114.14692668521,104972.15635404889,106869.26523829866,108805.16407477252,110779.67640124343
North East,E12000001,population_16_64,1649460.0,1647791.0,1644872.0,1637341.0,1633738.0,1631015.0,1626732.0,1624352.0,1619930.0,1618072.0,1620014.0,1626436.0,1629487.0,1633579.0,1643239.0,1651943.0,1663504.0,1670736.0,1674451.0,1679691.0,1681674.0,1668762.0,1662338.0,1657915.0,1651471.0,1647815.0,1643042.0,1638969.0,1635738.0,1632813.0,1635449.0,1658911.0,1684158.0,1704196.375,1698239.250416016,1685007.5121019122,1672354.6019861647,1663684.5128257019,1660523.1648392554,1657564.8376806427,1654595.7326956005,1651571.5412861125,1648494.0693629298,1645365.0529685274,1642186.1612802623,1638958.9994838282,1635685.1115226366,1632365.982728434,1629003.0423382537,1625597.665902609,1622151.1775896049,1618664.8523894222,1615139.9182235072,1611577.5579625089,1607978.9113569409,1604345.0768843023,1600677.113516264,1596976.0424093378,1593242.848522366,1589478.4821639375
North East,E12000001,population_total,2586986.0,2591333.0,2593948.0,2588661.0,2582715.0,2576450.0,2568066.0,2560883.0,2550314.0,2543421.0,2540090.0,2540600.0,2540461.0,2540502.0,2547127.0,2552568.0,2562045.0,2569312.0,2575441.0,2586868.0,2596441.0,2598972.0,2603299.0,2610482.0,2611804.0,2618253.0,2623787.0,2629393.0,2636676.0,2637426.0,2647493.0,2684586.0,2699841.625,2699841.625,2692343.7969663604,2690923.646801269,2689878.163981836,2684376.9161145194,2690053.7376831206,2694581.991748199,2697289.0859255963,2699819.269174291,2702176.07542743,2704362.987411037,2706383.4362985813,2708240.8014425715,2709938.4101784527,2711479.537696845,2712867.406979858,2714105.188797769,2715196.00176222,2716142.912432303,2716948.9354703417,2717617.033843798,2718150.1190704214,2718551.051503525,2718822.6406545485,2718967.6455502,2718988.7751216316,2718888.688623115
North East,E12000001,productivity_gbp_per_job,,,,,,,,,,,,,,,,,,,43691.33652244427,44355.6394733013,45352.88318659774,46730.09864355854,47169.257292056376,47264.74651360562,47583.30638091959,49493.83570161949,49550.94102767197,50889.67848249266,52399.8557670039,50682.33178255768,52663.1593665547,58347.60347225182,62461.69945417621,63083.71106502323,65637.23194169486,66755.51833205475,67878.77428820037,68729.67514992967,69780.50700130571,70782.75708323863,71678.01215934419,73158.51675735228,74438.96384525452,75375.64073964341,76724.50167924204,77900.65163267565,79086.32289140027,80361.67579308832,81811.20670090041,83541.53744012248,84963.1948011872,86271.96890909264,87872.2125151068,89107.13420775878,91049.87865146491,92230.52411789472,94356.36532524395,95646.03297677697,97647.85856297007,99261.06845465308
North East,E12000001,unemployment_rate_pct,,,,,,,,,,,,,,,5.8,6.1,6.7,6.5,8.7,9.8,9.7,11.2,9.9,9.3,7.6,7.7,6.5,5.4,5.7,5.6,6.6,5.3,4.2,4.5,4.4,5.12095238095238,4.949264069264069,4.777575757575757,4.605887445887445,4.434199134199134,4.262510822510823,4.090822510822512,3.9191341991341995,3.7474458874458882,3.575757575757577,3.404069264069265,3.2323809523809537,3.0606926406926425,2.8890043290043304,2.717316017316019,2.545627705627708,2.373939393939396,2.2022510822510846,2.0305627705627733,1.8588744588744621,1.68718614718615,1.5154978354978388,1.3438095238095276,1.1721212121212154,1.0004329004329042
North West,E12000002,emp_total_jobs,,,,,,,,,,,,,,,,,,,3012000.0,2980000.0,2977000.0,2987000.0,3017000.0,3086000.0,3136000.0,3246000.0,3298000.0,3328000.0,3406000.0,3316000.0,3439000.0,3485000.0,3568000.0,3586000.0,3609636.7117844727,3647495.8178780554,3680553.767873979,3715003.667214948,3750017.8349678516,3780627.787175478,3803247.5912240734,3819267.023119005,3834253.548958971,3853985.8676364105,3880633.7997129736,3911707.675814444,3942174.9223694084,3968059.8517756304,3989007.0801620027,4008147.386220519,4029749.281178626,4056277.942317836,4087007.384442573,4118799.2915160293,4148342.3011142416,4174283.6564884735,4197882.355898141,4221906.023313715,4248682.114998502,4278652.179921004
North West,E12000002,employment_rate_pct,,,,,,,,,,,,,,,70.8,70.5,70.6,70.1,68.9,68.2,68.4,68.5,69.1,68.7,70.1,71.6,72.3,73.4,73.9,74.8,73.2,73.3,73.8,72.8,74.1,74.24047619047619,74.508658008658,74.77683982683982,75.04502164502163,75.31320346320345,75.58138528138528,75.8495670995671,76.11774891774891,76.38593073593073,76.65411255411254,76.92229437229437,77.19047619047619,77.458658008658,77.72683982683982,77.99502164502164,78.26320346320347,78.53138528138528,78.7995670995671,79.06774891774892,79.33593073593073,79.60411255411255,79.87229437229436,80.14047619047619,80.40865800865801,80.67683982683982
North West,E12000002,gdhi_total_mn_gbp,,,,,,,65247.0,66199.0,69442.0,72527.0,75114.0,77252.0,80115.0,83449.0,86461.0,89713.0,93686.0,95668.0,99528.0,100876.0,102282.0,105931.0,109643.0,112987.0,118838.0,120505.0,124752.0,129075.0,134242.0,135766.0,140272.0,149091.0,163730.0,166154.42392989443,170892.04018492004,174385.45803429108,179949.83730573225,186256.90562329965,192775.8275774125,199513.3773033051,206476.53326512687,213672.4839986328,221108.63400182853,228792.60977698155,236732.26602751148,244935.69201331056,253411.21806815156,262167.42228288314,271213.1373582123,280557.4576309389,290209.74627759476,300179.64269949775,310477.070093357,321112.24321158853,332095.6763166479,343438.19133373525,355150.92620629765,367245.3434589212,379733.23897220514,392626.7509743605
North West,E12000002,income_per_worker_gbp,,,,,,,,,,,,,,,,,,,33047.21219417701,33853.53663685741,34361.091866331735,35470.63170756914,36341.86813415252,36618.475635347626,37584.808314834234,37126.90164428884,37833.17272826186,38785.94397548166,39417.409119379496,40942.95500737301,40786.55506669629,42784.248920656755,45891.766781955135,46338.75862464471,47343.55673329256,47806.99542264371,48874.943607327856,50160.80243113477,51395.84452383595,52749.40454975144,54322.72221761262,55929.68404355221,57695.46268646511,59388.25301801326,61004.40095985313,62617.147977500164,64299.91640384398,66014.6800125297,67983.04731554544,69990.58472344425,71996.71446215005,73991.37937767236,75891.78102116757,78060.47434128153,80144.96864851292,82221.38457188387,84584.43833842574,86911.78178112103,89272.89745048361,91812.94708048193
North West,E12000002,nominal_gva_mn_gbp,,,,,,,,88083.0,92290.0,94655.0,100553.0,105245.0,111059.0,117278.0,123348.0,130397.0,135269.0,138451.0,137614.0,140494.0,141439.0,145795.0,150838.0,156789.0,162866.0,168631.0,176803.0,181321.0,190043.0,185588.0,199341.0,221845.0,243386.0,253162.8119279402,251625.621718457,258409.05273668715,264676.66025467817,270639.7238129293,276462.10898343415,282265.8262781393,288138.64090132597,294141.72062164755,300316.37324888835,306689.55167214933,313278.13404024206,320092.13440687256,327137.0451121988,334415.5068713549,341905.09384448745,349626.8062661356,357585.02025321376,365781.7117559891,374217.60033470683,382892.89786446845,391807.7846218243,400962.69945455313,410358.5049879072,419996.57039477257,429878.8011496271,440007.63591554767
North West,E12000002,population_16_64,4329070.0,4315286.0,4308153.0,4294988.0,4287680.0,4281167.0,4274003.0,4280966.0,4274839.0,4286286.0,4297158.0,4320679.0,4355515.0,4388411.0,4421943.0,4459156.0,4489262.0,4510595.0,4522996.0,4538567.0,4552765.0,4527876.0,4519042.0,4518731.0,4530458.0,4548474.0,4561830.0,4576685.0,4597018.0,4607552.0,4639384.0,4703314.0,4774559.0,4840994.0,4832203.7696562465,4802630.054734101,4774589.727301213,4753115.622597826,4756598.526689999,4760649.820692553,4764658.351838588,4768495.854556162,4772166.20690927,4775673.132295154,4779020.205842267,4782210.8605488185,4785248.393172383,4788135.96988068,4790876.631673085,4793473.299582225,4795928.779664483,4798245.767787992,4800426.854226258,4802474.528065311,4804391.181431869,4806179.113549829,4807840.53463197,4809377.56961352,4810792.261734068,4812086.575973811
North West,E12000002,population_total,6843039.0,6841029.0,6846740.0,6838904.0,6827940.0,6809646.0,6794378.0,6792173.0,6773115.0,6774223.0,6772985.0,6784880.0,6814660.0,6840369.0,6870021.0,6901585.0,6929277.0,6958547.0,6986156.0,7019921.0,7055961.0,7079344.0,7105146.0,7141096.0,7182651.0,7234141.0,7275765.0,7316116.0,7363267.0,7380605.0,7424092.0,7526285.0,7634293.0,7737414.0,7722380.761841657,7724760.961946582,7728213.163488629,7718850.285851856,7704375.805127882,7691142.186570111,7716171.806652429,7740767.855127524,7764937.2718120245,7788686.925511224,7812023.611821502,7834954.05113313,7857484.886822962,7879622.683628857,7901373.926196342,7922745.017789449,7943742.279157229,7964371.947547943,7984640.1758638555,8004553.031948286,8024116.497998795,8043336.470099098,8062218.757863287,8080769.084186006,8098993.085092698,8116896.309683962
North West,E12000002,productivity_gbp_per_job,,,,,,,,,,,,,,,,,,,45695.31948849136,47155.59101737754,47508.43078298087,48818.69229285021,49990.65455697782,50816.822258552194,51505.43253034032,51955.621958833166,53614.189601239304,54499.84989052406,55800.21136919155,55978.05636241394,57963.483528466466,63656.17127442207,68226.65319511779,70567.74651494567,69658.87953575302,70755.09716861573,71757.56931754835,72788.99659237341,73630.27218493448,74623.9372931247,75564.4281766524,76776.72602968781,78006.35433402292,79364.39779441163,80699.56325780481,81553.69715589493,82520.86771864224,84000.75714881266,85298.2123642994,86782.2164982027,88280.90807704952,89782.14680936615,91391.88283822089,92534.80493423682,93732.86128405166,95454.78082061629,96837.35504829616,98689.19012058584,100426.74995819948,102106.40733812687
North West,E12000002,unemployment_rate_pct,,,,,,,,,,,,,,,4.7,5.2,5.6,5.8,7.5,8.2,8.1,8.7,8.1,7.9,5.9,5.3,4.7,4.2,4.0,3.9,4.9,4.2,3.9,4.4,4.0,4.027619047619046,3.8777489177489164,3.7278787878787867,3.578008658008657,3.428138528138527,3.278268398268397,3.128398268398267,2.9785281385281372,2.8286580086580075,2.678787878787877,2.5289177489177472,2.3790476190476175,2.229177489177488,2.079307359307358,1.9294372294372275,1.7795670995670978,1.629696969696968,1.4798268398268384,1.3299567099567078,1.180086580086578,1.0302164502164484,0.8803463203463187,0.730476190476189,0.5806060606060583,0.457954342703708
Northern Ireland,N92000002,employment_rate_pct,,,,,,,,,,,,,,,65.8,68.2,67.5,68.6,65.5,65.2,67.2,66.9,66.7,67.5,67.7,68.8,69.5,69.2,71.5,72.2,69.6,70.5,72.8,74.7,73.9,73.10666666666667,73.47783549783551,73.84900432900434,74.22017316017318,74.591341991342,74.96251082251084,75.33367965367967,75.7048484848485,76.07601731601733,76.44718614718616,76.818354978355,77.18952380952383,77.56069264069266,77.9318614718615,78.30303030303033,78.67419913419916,79.04536796536799,79.41653679653683,79.78770562770566,80.1588744588745,80.53004329004332,80.90121212121215,81.27238095238098,81.64354978354982,82.01471861471865
Northern Ireland,N92000002,gdhi_total_mn_gbp,,,,,,,14311.0,14401.0,14965.0,15785.0,16283.0,17258.0,18150.0,19270.0,20415.0,21621.0,22300.0,22898.0,23384.0,23869.0,24522.0,25079.0,26200.0,27201.0,28278.0,28878.0,29743.0,30585.0,31886.0,32255.0,33914.0,36116.0,39181.0,39625.22579247123,41317.850784641,43181.115116118264,44888.22818829115,46645.7754550542,48469.82354947856,50362.793518546474,52327.19074987749,54365.607763839354,56480.72709277676,58675.32424989423,60952.270790405295,63314.53746762246,65765.19748674249,68307.42985914821,70944.52286012971,73679.87759300256,76517.01166268297,79459.5629618559,82511.29357296608,85676.09378933664,88957.9862588159,92361.13025344418,95889.82606871113,99548.51955609443,103341.80679264209,107274.43889147579
Northern Ireland,N92000002,nominal_gva_mn_gbp,,,,,,,,19603.0,20710.0,22344.0,23267.0,24039.0,25961.0,27232.0,28747.0,30484.0,31574.0,31939.0,31354.0,31000.0,31636.0,32952.0,34012.0,35071.0,36351.0,38547.0,40230.0,41386.0,43818.0,42146.0,46614.0,50701.0,56141.0,57560.14899793717,57315.249542043246,58845.24200758746,60257.009993652144,61598.732510093505,62907.75021249652,64211.84388643018,65530.97739042018,66879.04658637596,68265.41863575562,69696.18885103853,71175.15733111535,72704.56116268264,74285.60833063441,75918.85818253951,77599.18033534082,79331.30316057635,81116.17905830439,82954.21510375758,84845.53307384104,86790.13952224505,88788.03381406602,90839.2738738493,92944.01352861844,95102.52112669614,97315.18612598842,99582.5182335435
Northern Ireland,N92000002,population_16_64,982482.0,994580.0,1004884.0,1012502.0,1017697.0,1029817.0,1039864.0,1047109.0,1051358.0,1058507.0,1067215.0,1079049.0,1089658.0,1100625.0,1114058.0,1127914.0,1142682.0,1153167.0,1160446.0,1165239.0,1167750.0,1169668.0,1170280.0,1174132.0,1178676.0,1181010.0,1182744.0,1185959.0,1189917.0,1187727.0,1187162.0,1185659.0,1189681.0,1193979.0,1211868.7716808554,1224735.222609842,1238101.8293340472,1251950.4748184513,1264746.2229505244,1270759.1373084625,1275543.732492639,1280299.516519918,1285027.1904311469,1289727.4235465918,1294400.8546671458,1299048.0932305814,1303669.7204244933,1308266.2902576262,1312838.3305910907,1317386.3441310113,1321910.8093840596,1326412.1815772248,1330890.893543235,1335347.3565728716,1339781.9612354334,1344195.0781685743,1348587.0588386292,1352958.2362725674,1357308.9257626412,1361639.4255447504
Northern Ireland,N92000002,population_total,1607295.0,1623263.0,1635552.0,1643707.0,1649131.0,1661751.0,1671261.0,1677769.0,1679006.0,1682944.0,1688838.0,1697534.0,1704924.0,1714042.0,1727733.0,1743113.0,1761683.0,1779152.0,1793333.0,1804833.0,1814318.0,1824603.0,1831677.0,1843186.0,1854943.0,1866042.0,1875178.0,1886259.0,1898519.0,1900523.0,1904564.0,1910543.0,1920382.0,1927855.0,1949285.2807203506,1973287.3850288456,1990983.4440785153,2005507.2327617856,2018793.6299162311,2031259.820230659,2042418.215102902,2053501.2785231806,2064510.207114505,2075446.1919566183,2086310.4178679967,2097104.0627325955,2107828.2968692803,2118484.282442469,2129073.172912172,2139596.1125218747,2150054.235822672,2160448.6672320487,2170780.520625959,2181050.8989625727,2191260.8939364273,2201411.5856616027,2211504.042382504,2221539.3202111004,2231518.4628893225,2241442.5015754625
Northern Ireland,N92000002,unemployment_rate_pct,,,,,,,,,,,,,,,4.9,4.5,4.7,3.8,5.6,7.2,6.5,7.8,7.3,6.4,6.7,5.8,5.3,3.9,3.0,2.4,3.5,2.9,2.3,1.9,1.9,2.598095238095239,2.4087445887445895,2.2193939393939406,2.0300432900432908,1.8406926406926418,1.6513419913419929,1.461991341991344,1.2726406926406941,1.0832900432900452,0.8939393939393963,0.7045887445887464,0.5274087070162556,0.3947834057424727,0.295508844234576,0.22119844894853447,0.16557458354240517,0.12393822310037743,0.09277198720143492,0.06944299663173882,0.05198045149906093,0.03890914086520419,0.029124819027315542,0.021800920413857356,0.016318732502529455,0.012215127867713413
Scotland,S92000003,emp_total_jobs,,,,,,,,,,,,,,,,,,,2407000.0,2331000.0,2350000.0,2319000.0,2348000.0,2437000.0,2446000.0,2481000.0,2471000.0,2508000.0,2501000.0,2445000.0,2521000.0,2524000.0,2557000.0,2551000.0,2567866.9427472963,2576493.1792419245,2581502.4052488124,2587282.1201315294,2593241.999186522,2595964.8543887995,2593072.4932273766,2585623.316237116,2577455.8425963866,2572442.6190448008,2571955.2821110454,2574259.4553616415,2576006.6999157616,2574627.9788754666,2569959.3291132036,2564072.4901902587,2559704.404729038,2558377.742577364,2559573.2201467264,2561285.1859133807,2561456.980395353,2559290.659824301,2555601.242953913,2552093.3870334784,2550159.896016312,2550030.2330233855
Scotland,S92000003,employment_rate_pct,,,,,,,,,,,,,,,72.6,73.1,74.0,74.3,72.8,71.0,70.9,70.7,70.4,71.8,72.9,72.9,73.4,74.5,74.7,74.3,72.2,74.4,74.8,74.4,74.1,74.20571428571427,74.31012987012986,74.41454545454543,74.51896103896102,74.6233766233766,74.72779220779219,74.83220779220777,74.93662337662336,75.04103896103894,75.14545454545453,75.2498701298701,75.3542857142857,75.45870129870127,75.56311688311686,75.66753246753244,75.77194805194803,75.8763636363636,75.9807792207792,76.08519480519477,76.18961038961037,76.29402597402594,76.39844155844153,76.50285714285712,76.6072727272727,76.71168831168829
Scotland,S92000003,gdhi_total_mn_gbp,,,,,,,48595.0,49663.0,51484.0,54377.0,57114.0,59109.0,61158.0,64306.0,66831.0,70280.0,74443.0,78067.0,79516.0,81077.0,83201.0,85942.0,89184.0,91641.0,94783.0,95952.0,97985.0,100397.0,104765.0,104633.0,108257.0,115114.0,125768.0,126999.61822290203,133461.41453012367,139149.4983516963,144307.87977333463,149602.7892464362,155084.57457956194,160759.54442175204,166634.2096321786,172715.2893750937,179009.71738545175,185524.64840956402,192267.46482528816,199245.7834463226,206467.46251529892,213940.6088904807,221673.5854309639,229675.01858541786,237953.80618949828,246519.1254771887,255380.44131145874,264547.51463972864,274030.4111797814,283839.5103418756,293985.5143929379,304479.4578688781,315332.7172411773,326557.02084404643
Scotland,S92000003,income_per_worker_gbp,,,,,,,,,,,,,,,,,,,33035.034769085,34786.822726271304,35413.22038087318,37076.7297739235,37990.795551476505,37612.184831795115,38492.77021742894,38676.38805134785,39653.15645952281,40037.09670670997,41885.59438874808,42806.811156663825,42945.01347276353,45609.432463102006,49185.94091773573,49784.41778464806,51976.62670222562,53990.881533254884,55834.71834484538,57831.82276624699,59775.23299304943,61912.101570676874,64246.57833769045,66661.83997059321,69340.28341619787,72116.00338903075,74677.99827241457,77236.33686618757,79976.55836760199,82981.28149845998,85999.59760711977,89305.34190600742,92569.57768752985,96043.92701918408,99590.09292943492,102911.17669918282,106660.0193448615,110717.42024662466,114580.05840013294,118633.03447538166,123306.61270845852,127640.669529499
Scotland,S92000003,nominal_gva_mn_gbp,,,,,,,,69990.0,71019.0,73905.0,78263.0,81408.0,86231.0,91899.0,97381.0,103898.0,108168.0,113289.0,112920.0,112827.0,115662.0,119265.0,124638.0,130440.0,131988.0,134155.0,140881.0,143492.0,149254.0,141398.0,151916.0,166866.0,183471.0,190241.15718807207,197774.35315849527,203007.34782398434,207830.17386276135,212409.24637807222,216873.46324083913,221318.65446918434,225813.62601042612,230406.2158793364,235128.61995393122,240001.7378661252,245038.5482234409,250246.63787238984,255630.04534104036,261190.57384107448,266910.45445803873,272805.83693746914,278879.8742898493,285133.8421702858,291568.0345945042,298182.349383293,304976.6597020526,311951.03987431247,319105.89336194855,326442.0162981941,333960.6196474671,341663.3257782164
Scotland,S92000003,population_16_64,3291933.0,3289639.0,3289390.0,3292415.0,3293104.0,3288190.0,3284299.0,3281902.0,3281482.0,3278692.0,3286645.0,3295351.0,3303864.0,3321295.0,3345841.0,3368993.0,3400324.0,3423498.0,3441098.0,3462158.0,3487433.0,3470459.0,3461727.0,3454426.0,3458694.0,3463312.0,3463600.0,3455588.0,3457100.0,3448390.0,3439686.0,3457768.0,3491476.0,3511191.0,3528144.7992287595,3528775.3929287083,3530402.341919164,3532938.1790739745,3532062.2537953523,3531606.3027165523,3531116.161454442,3530496.963304745,3529751.954199267,3528884.2538005407,3527896.86081357,3526792.6580767957,3525574.417441409,3524244.8044477943,3522806.382807447,3521261.6186984577,3519612.8848822713,3517862.4646490775,3516012.555598986,3514065.2732657464,3512022.6545895245,3509886.6612450154,3507659.182830876,3505342.0399261815,3502936.98701948,3500445.7153156647
Scotland,S92000003,population_total,5083330.0,5085620.0,5092460.0,5102210.0,5103690.0,5092190.0,5083340.0,5077070.0,5071950.0,5062940.0,5064200.0,5066000.0,5068500.0,5084300.0,5110200.0,5133000.0,5170000.0,5202900.0,5231900.0,5262200.0,5299900.0,5308200.0,5316800.0,5331400.0,5350600.0,5373600.0,5388200.0,5392100.0,5411200.0,5408900.0,5412900.0,5447000.0,5506000.0,5546900.0,5540495.830175316,5546580.116020218,5553439.615601052,5576955.970658332,5597222.265245257,5615051.571898667,5629121.0849944195,5642850.408645793,5656245.333799761,5669311.583540661,5682054.8117141565,5694480.601703466,5706594.465349606,5718401.842008808,5729908.097739653,5741118.524613367,5752038.340140512,5762672.686807652,5773026.631718303,5783105.166331734,5792913.206294469,5802455.591358852,5811737.085383471,5820762.376410588,5829536.076815782,5838062.723525186
Scotland,S92000003,productivity_gbp_per_job,,,,,,,,,,,,,,,,,,,46913.85290277861,48401.413056348814,49228.85390222642,51423.42596270678,53092.26134362113,53529.445838045525,53616.17610578996,54065.75215733819,57028.17186181044,57215.45775860701,59683.5641653692,57840.455640258195,60270.672359720564,66102.02989839758,71770.72214177,74561.63804969935,76982.14818579574,78724.50175746353,80416.53315829771,81899.27568128542,83405.60513762065,85087.74561036823,87037.90840020734,88867.66994098497,90856.32496189921,93107.18659825629,94914.50347121133,96694.62315572024,98426.04504738073,100804.3733066729,103363.36868498693,105929.0437306169,108305.57725997087,110631.77504780269,113059.76360701356,115302.18133023765,117854.58856792368,120752.39445653166,123966.2955720315,126332.68829715291,130204.9812115179,132485.56324204375
Scotland,S92000003,unemployment_rate_pct,,,,,,,,,,,,,,,5.3,5.5,4.9,4.4,5.9,7.5,7.8,8.1,7.8,7.1,5.9,5.4,4.5,4.1,4.1,3.4,4.7,3.4,3.2,3.5,3.6,3.5514285714285707,3.397662337662337,3.2438961038961036,3.09012987012987,2.9363636363636365,2.782597402597403,2.6288311688311694,2.4750649350649354,2.3212987012987023,2.1675324675324683,2.013766233766235,1.8600000000000012,1.7062337662337672,1.552467532467534,1.3987012987013,1.244935064935067,1.091168831168833,0.9374025974025999,0.7836363636363659,0.6298701298701328,0.4809893583323808,0.36729914923366114,0.2804816004568329,0.21418489086883175,0.1635585628496644
South East,E12000008,emp_total_jobs,,,,,,,,,,,,,,,,,,,3727000.0,3783000.0,3756000.0,3780000.0,3825000.0,3908000.0,4047000.0,4147000.0,4107000.0,4147000.0,4214000.0,4107000.0,4153000.0,4269000.0,4323000.0,4306000.0,4386025.5497294795,4418523.5400507515,4444984.442137632,4472919.000788752,4501319.37997968,4524234.689171992,4537435.978995825,4542664.287963306,4546593.808434697,4556067.544530747,4573591.861199201,4596167.472083943,4617852.444858452,4634011.243413985,4644279.884977402,4652345.5941241775,4663167.549836609,4679564.177246779,4700649.098290438,4722780.350504196,4742162.278119589,4757277.575784565,4769595.032810649,4782274.636113627,4797940.9416349465,4817063.272343009
South East,E12000008,employment_rate_pct,,,,,,,,,,,,,,,77.4,77.0,76.9,76.8,76.2,74.3,74.8,74.5,74.6,75.7,76.3,77.3,78.1,78.2,79.0,79.2,77.4,78.2,78.3,79.2,78.2,78.69999999999997,78.85194805194803,79.00389610389607,79.15584415584412,79.30779220779218,79.45974025974023,79.61168831168828,79.76363636363634,79.91558441558439,80.06753246753243,80.21948051948048,80.37142857142854,80.52337662337659,80.67532467532465,80.82727272727269,80.97922077922074,81.1311688311688,81.28311688311685,81.4350649350649,81.58701298701295,81.73896103896101,81.89090909090905,82.0428571428571,82.19480519480516,82.34675324675321
South East,E12000008,gdhi_total_mn_gbp,,,,,,,99709.0,101764.0,106055.0,112120.0,116332.0,119262.0,121701.0,127152.0,132832.0,139937.0,148142.0,152437.0,156640.0,158612.0,161503.0,168632.0,177037.0,183006.0,195464.0,199919.0,206136.0,214567.0,222444.0,220082.0,229539.0,244690.0,267287.0,268106.09872683056,279462.25464316545,291931.07439415256,303333.21777812525,315065.50908880733,327235.9586768436,339860.2948762346,352954.7855393431,366536.255592488,380622.10512865544,395230.32805260026,410379.5312940798,426088.9546053021,442378.4909591714,459268.70756527694,476780.8675210505,494936.9521159927,513759.6838072839,533272.5498856036,553499.8268504973,574466.6055150587,596198.816860293,618723.25866,642067.6228975484,666260.5239965251,691331.5278877453,717311.1819357167
South East,E12000008,income_per_worker_gbp,,,,,,,,,,,,,,,,,,,42032.347873589875,41924.64226403607,43003.306553888855,44618.634290068825,46291.925884571734,46841.032995241105,47992.73617519466,48226.42754193264,50200.7921457623,51739.08713404224,52782.60076113435,53597.88306990079,55270.364780670454,57331.4171077306,61838.563594499734,62274.24915435021,63682.12458811794,66080.918973259,68263.9091144332,70416.50131389691,72718.45124701153,75079.05024068264,77804.28859391042,80645.38362737212,83771.68094103248,86721.49091803814,89742.95350020078,92730.10374724324,95824.56564405558,99206.0952406521,102621.10519989525,106355.01312355205,110224.92206155512,113912.32517885008,117767.32005981989,121840.38737531386,125796.17456070239,130217.63764498848,134776.44233921033,139443.84575079047,144007.51679811798,149060.83829336875
South East,E12000008,nominal_gva_mn_gbp,,,,,,,,135775.0,142235.0,149118.0,154902.0,161906.0,169912.0,175491.0,184627.0,192653.0,201171.0,212321.0,208306.0,213782.0,219779.0,227513.0,235678.0,245399.0,255027.0,261020.0,270866.0,280390.0,296235.0,291483.0,303748.0,326144.0,354501.0,369142.73456021165,383856.42135157436,394111.9341403093,403576.08283276646,412571.50474232156,421348.2717963366,430092.44582346507,438937.7460016767,447977.2579617435,457273.7402172899,466868.03997486184,476785.6329599912,487041.52666966186,497643.8359123339,508596.3308564621,519864.6644626538,531480.5354350946,543450.3475797429,555776.8516997751,568460.8873560847,581502.5221758955,594901.7756260067,608659.0595453604,622775.4284070526,637252.7041484158,652093.5204029739,667301.3168244334
South East,E12000008,population_16_64,4868649.0,4873486.0,4870745.0,4888551.0,4919839.0,4947839.0,4987679.0,5012979.0,5060196.0,5089296.0,5118517.0,5138049.0,5171546.0,5207503.0,5266296.0,5325115.0,5381984.0,5423395.0,5447741.0,5487698.0,5513564.0,5517414.0,5537561.0,5569698.0,5605826.0,5647544.0,5668630.0,5684385.0,5698794.0,5714263.0,5758118.0,5797558.0,5880425.0,5947376.0,5967857.580153437,5992264.872542597,6018470.334989774,6046344.6061017625,6068483.051830425,6091426.566821341,6114397.521042581,6137230.63545661,6159929.268159333,6182496.625268159,6204935.766675786,6227249.611588548,6249440.943857586,6271512.417110469,6293466.559690846,6315305.779413298,6337032.368140516,6358648.506189182,6380156.266571292,6401557.619076915,6422854.434204512,6444048.486944418,6465141.460421081,6486134.949399412,6507030.463660301,6527829.431250251
South East,E12000008,population_total,7629186.0,7656594.0,7673172.0,7711594.0,7762978.0,7800406.0,7853102.0,7888838.0,7955124.0,7990598.0,8023449.0,8045192.0,8087924.0,8133100.0,8202896.0,8270861.0,8351391.0,8426399.0,8490922.0,8577771.0,8652784.0,8731840.0,8809382.0,8893930.0,8969638.0,9053011.0,9105076.0,9150245.0,9193770.0,9225273.0,9295829.0,9392970.0,9529446.0,9642942.0,9675278.561530944,9729618.903445147,9798540.14271955,9884570.895015221,9964726.296301572,10041042.080422156,10111086.942500014,10180943.045489408,10250615.071250087,10320107.705002634,10389425.631668698,10458573.532401467,10527556.08129952,10596377.94229809,10665043.766230363,10733558.188053826,10801925.824234419,10870151.270283129,10938239.098439114,11006193.855493365,11074020.060747996,11141722.204104897,11209304.744279414,11276772.10713308,11344128.684121203,11411378.830850335
South East,E12000008,productivity_gbp_per_job,,,,,,,,,,,,,,,,,,,55892.48160812597,56514.18182537456,58514.40263776832,60203.12461646043,61625.39175720965,62803.44875073857,62615.458601526734,62955.37701873797,65944.33416323703,67626.76961863623,70292.3833329613,70967.49122989477,73139.85500697681,76405.05616026527,82013.87671201913,85732.27524385185,87458.8839880689,89155.44049408469,90739.47419612994,92171.88153785565,93536.09702072933,94983.0186368493,96655.36696843307,98489.00560691736,100496.25994668053,102305.53635148596,104169.10017528682,105755.56508146515,107570.26840166695,109603.44470580303,111754.73435357837,114188.67486877606,116283.79150540418,118648.3278391361,120610.59292054482,122933.2488409338,125159.79479517102,127801.12456454239,130269.67417912473,132857.8818518186,135496.6777327817,138172.2734077224
South East,E12000008,unemployment_rate_pct,,,,,,,,,,,,,,,3.7,4.3,4.2,4.2,5.0,6.1,5.9,5.9,6.2,5.1,4.5,4.1,3.5,3.5,3.1,3.5,4.1,3.3,3.4,3.3,3.5,3.349047619047621,3.262164502164504,3.1752813852813873,3.088398268398271,3.001515151515154,2.9146320346320373,2.8277489177489206,2.740865800865804,2.653982683982687,2.56709956709957,2.4802164502164534,2.3933333333333366,2.30645021645022,2.219567099567103,2.1326839826839863,2.0458008658008695,1.9589177489177527,1.872034632034636,1.7851515151515192,1.6982683982684024,1.6113852813852856,1.5245021645021688,1.437619047619052,1.3507359307359352,1.2638528138528184
South West,E12000009,emp_total_jobs,,,,,,,,,,,,,,,,,,,2314000.0,2284000.0,2238000.0,2232000.0,2266000.0,2352000.0,2370000.0,2420000.0,2437000.0,2469000.0,2497000.0,2474000.0,2538000.0,2568000.0,2598000.0,2630000.0,2630743.0843216404,2651086.152889195,2667818.6333337477,2685446.3353549577,2703364.8382271035,2717999.333194337,2726805.2343060216,2730823.5497663002,2734063.146444909,2740639.5880143386,2752064.2402207367,2766536.4321901235,2780481.364679523,2791106.5006076507,2798189.338287318,2803948.7376847006,2811373.2575612552,2822164.243227244,2835790.2035507434,2850056.050479262,2862671.096612262,2872717.51174794,2881080.042536824,2889666.4712760295,2900063.3954823995,2912556.324370626
South West,E12000009,employment_rate_pct,,,,,,,,,,,,,,,75.8,75.7,76.2,76.4,75.1,73.6,73.7,73.7,74.4,75.0,77.3,77.3,77.9,78.3,79.3,78.8,76.9,78.4,78.3,78.9,78.8,79.11285714285711,79.33610389610386,79.55935064935062,79.78259740259736,80.00584415584412,80.22909090909087,80.45233766233763,80.67558441558437,80.89883116883112,81.12207792207788,81.34532467532463,81.56857142857137,81.79181818181813,82.01506493506488,82.23831168831164,82.4615584415584,82.68480519480514,82.90805194805189,83.13129870129865,83.3545454545454,83.57779220779214,83.8010389610389,84.02428571428565,84.24753246753241,84.47077922077915
South West,E12000009,gdhi_total_mn_gbp,,,,,,,52904.0,54182.0,56454.0,59010.0,61609.0,62981.0,64973.0,67682.0,70932.0,75017.0,78469.0,81489.0,82298.0,84722.0,86672.0,89200.0,93141.0,97088.0,102339.0,104247.0,107461.0,112231.0,116945.0,117623.0,122735.0,131162.0,144431.0,145893.38834646155,149359.76189270816,154740.29372051696,160777.00248174425,166988.1609796041,173430.99026267484,180113.79512586314,187045.16481052386,194233.9822446499,201689.43356522892,209421.01793076278,217438.55763221433,225752.208510801,234372.4706913242,243310.19963992422,252576.61755537952,262183.32510333665,272142.3135030649,282465.9769766006,293167.12557039876,304258.998359866,315755.2770474258,327670.0999650438,340018.0764923856,352814.30190214474,366074.37264429743,379814.40208138037
South West,E12000009,income_per_worker_gbp,,,,,,,,,,,,,,,,,,,35571.546932807396,37104.26544099138,38734.770781785846,39966.12283668002,41115.65609946896,41297.79298965708,42875.156555066285,43067.22927821577,44112.08883162415,45458.10374489876,46828.93750400491,47546.85291169506,48363.335946692154,51088.77852337133,55608.03147848482,55474.92782218461,56780.886034383155,58356.973763510345,60265.47226552531,62190.35707884302,64104.01136456016,66300.88638030358,68568.72659713449,71125.07027759113,73728.88384371476,76387.23403471532,79059.7556668269,81575.48781461346,84333.29521446237,87171.55875301977,90267.50870021738,93477.1027142808,96796.55477540278,100097.5677225884,103460.69064944913,106665.8367285678,110256.19670550294,114080.0396139518,117952.39621291248,122207.45866763008,126231.96092458816,130407.7928235929
South West,E12000009,nominal_gva_mn_gbp,,,,,,,,67066.0,70346.0,73631.0,77699.0,81089.0,85434.0,90018.0,94098.0,98523.0,102473.0,107440.0,105857.0,109239.0,110531.0,113873.0,117149.0,123383.0,126159.0,130719.0,137276.0,141038.0,147026.0,140831.0,156691.0,170624.0,185952.0,190607.93416002617,195378.64540795158,200733.19373253707,205691.5038769275,210417.32061818094,215037.79510647876,219647.73052625102,224315.43554259976,229088.62283574956,233999.61377659667,239069.59606484073,244311.93733156097,249734.6729912345,255342.32291051353,261137.18786497405,267101.9900193187,273253.36116875056,279594.96354914905,286128.58806708123,292855.04531130666,299774.7495897702,306888.0909651332,314195.66257928236,321698.39060785674,329397.59990051936,337295.0381939222,345392.8745872771
South West,E12000009,population_16_64,2921795.0,2931901.0,2937035.0,2945669.0,2960057.0,2967929.0,2993642.0,3008114.0,3030380.0,3061188.0,3082509.0,3111772.0,3137918.0,3166948.0,3211605.0,3244627.0,3283868.0,3299149.0,3301189.0,3313080.0,3326352.0,3316083.0,3321006.0,3333261.0,3354821.0,3380755.0,3401921.0,3415372.0,3425271.0,3435601.0,3466380.0,3495012.0,3532288.0,3568027.0,3591061.1761193993,3605460.4768858547,3620939.306588487,3637419.584322839,3650446.872643655,3663956.3055210095,3677480.0649299957,3690918.748689109,3704274.396272679,3717548.9551230366,3730744.2841465385,3743862.1570784417,3756904.265721567,3769872.223063529,3782767.5662770914,3795591.759608004,3808346.197154681,3821032.205543668,3833651.0465049115,3846203.9193505812,3858691.963361065,3871116.260081677,3883477.8355334317,3895777.6623410876,3908016.661781668,3920195.7057563737
South West,E12000009,population_total,4688248.0,4713921.0,4733634.0,4757078.0,4781856.0,4793090.0,4827319.0,4849464.0,4880958.0,4917074.0,4943364.0,4976129.0,5006653.0,5038284.0,5086121.0,5119840.0,5170537.0,5205044.0,5226821.0,5261270.0,5300831.0,5336343.0,5374783.0,5422159.0,5471487.0,5526982.0,5574666.0,5609701.0,5642792.0,5661990.0,5712822.0,5769054.0,5830152.0,5889695.0,5912364.92555791,5948509.6431162,5993383.699525032,6044485.2387288585,6091968.787321803,6137081.30425117,6178338.929766621,6219460.109597544,6260447.798132245,6301304.948889087,6342034.51228152,6382639.433502939,6423122.650526314,6463487.092215198,6503735.676541371,6543871.308905538,6583896.880557093,6623815.267108827,6663629.327143432,6703341.9009076115,6742955.809090635,6782473.851683797,6821898.8069173405,6861233.430271796,6900480.453560424,6939642.5840799725
South West,E12000009,productivity_gbp_per_job,,,,,,,,,,,,,,,,,,,45745.168182312795,47825.691893271876,49393.07602770961,51019.18121686908,51697.31025715075,52461.84335194691,52858.87075258479,54018.422686242,56344.6408360132,57123.75197563181,58877.83972446723,56925.15984441988,61744.42331137193,66469.11441099289,71600.35425448325,72457.61315156428,74240.70417255031,75729.83629961824,76994.47265931864,78226.11472143092,79408.93133349688,80620.63616842499,81990.09093481187,83631.51221318569,85375.82332158249,87009.77788558645,88545.66790903543,90026.33777627537,91634.97870354008,93159.1473253279,95055.80892695652,96976.55134978656,98942.60122081914,100912.60938091596,102699.6522745768,104629.45604627524,106477.06477899256,108651.60460727951,111137.05124645328,113520.75213417194,115350.36373910708,117946.56145328174
South West,E12000009,unemployment_rate_pct,,,,,,,,,,,,,,,3.5,3.7,3.7,3.7,5.3,6.1,5.9,6.2,5.7,5.5,4.3,4.1,3.7,3.2,3.1,3.2,3.8,2.7,2.9,2.4,3.4,3.0257142857142854,2.928051948051948,2.8303896103896102,2.7327272727272724,2.6350649350649347,2.537402597402597,2.4397402597402595,2.3420779220779218,2.244415584415584,2.1467532467532466,2.049090909090909,1.951428571428571,1.8537662337662333,1.7561038961038955,1.6584415584415582,1.5607792207792204,1.4631168831168826,1.3654545454545453,1.2677922077922075,1.1701298701298697,1.072467532467532,0.9748051948051941,0.8771428571428563,0.7794805194805194,0.6818181818181817
Wales,W92000004,emp_total_jobs,,,,,,,,,,,,,,,,,,,1171000.0,1166000.0,1170000.0,1178000.0,1187000.0,1209000.0,1220000.0,1256000.0,1243000.0,1270000.0,1269000.0,1259000.0,1259000.0,1277000.0,1300000.0,1291000.0,1309279.8203393307,1315667.594665702,1320221.9166490603,1325181.6528783343,1330245.8018447235,1333659.2513351906,1334190.840834649,1332372.8523797041,1330175.5981693342,1329598.946123674,1331360.300052334,1334571.1396788917,1337499.4857463369,1338808.1365414518,1338404.3276185691,1337360.845663683,1337104.4796641923,1338435.4143035978,1341088.788973557,1344018.1545848965,1346143.898010372,1347042.3674497684,1347137.598937586,1347325.880737411,1348344.055784842,1350317.405575814
Wales,W92000004,employment_rate_pct,,,,,,,,,,,,,,,69.2,69.2,69.2,69.4,67.5,66.9,66.4,67.0,67.7,69.5,69.7,71.3,71.6,72.6,73.2,73.7,72.1,73.7,73.6,73.0,72.7,74.00523809523808,74.32952380952379,74.65380952380951,74.97809523809522,75.30238095238093,75.62666666666665,75.95095238095236,76.27523809523808,76.59952380952379,76.9238095238095,77.24809523809522,77.57238095238093,77.89666666666665,78.22095238095235,78.54523809523806,78.86952380952378,79.19380952380949,79.51809523809521,79.84238095238092,80.16666666666663,80.49095238095235,80.81523809523806,81.13952380952378,81.46380952380949,81.78809523809521
Wales,W92000004,gdhi_total_mn_gbp,,,,,,,26781.0,26958.0,28198.0,29885.0,31159.0,32295.0,33473.0,35030.0,36050.0,37398.0,38736.0,40615.0,40842.0,41607.0,42478.0,43885.0,44863.0,46372.0,47889.0,48344.0,50126.0,52096.0,53590.0,54634.0,56367.0,59075.0,63730.0,64268.937186281524,66549.7721769796,69156.01628198536,71481.85959928426,73858.92126110924,76311.38679136954,78841.51900340106,81451.64420742985,84144.15384936576,86921.50618759806,89786.22800855104,92740.9163817906,95788.24045546736,98930.9432929087,102171.84375117932,105513.83840244367,108959.90349898463,112513.09698273761,116176.56054022202,119953.52170376352,123847.2959999139,127861.28914599767,131998.99929572496,136264.0193348202,140660.03922765082,145190.8484158416,149860.3382698748
Wales,W92000004,income_per_worker_gbp,,,,,,,,,,,,,,,,,,,34880.30933121531,35680.39734053722,36304.5632250951,37253.02368912504,37793.32417948104,38366.998885950125,38866.1342166573,38501.86236133191,40328.597808857776,41031.513611009075,42223.3382912464,43393.88299794572,44765.84333725205,46247.06656614154,49021.672734965985,49792.744149979495,50826.65745915592,52569.47187282654,54156.091802184776,55700.02459961286,57387.68319389265,59067.94356801382,61037.32948041935,63162.85771848364,65313.420963330995,67496.1713760663,69588.44813841427,71696.36528231035,73927.00560534521,76258.56513418531,78795.62757986068,81275.4447231822,83966.30086042373,86677.40486711261,89386.95860834706,91937.50454957038,94881.95963841624,97919.67347804298,100797.18236244157,104199.42882677203,107394.57877384512,110804.50876356836
Wales,W92000004,nominal_gva_mn_gbp,,,,,,,,32745.0,33423.0,35048.0,36206.0,37848.0,40351.0,42750.0,44614.0,46892.0,48706.0,49201.0,48710.0,49938.0,51893.0,53603.0,55504.0,56920.0,58697.0,61023.0,63140.0,65445.0,68327.0,65096.0,68348.0,74977.0,81458.0,84297.44738430985,87489.58617457368,89655.01582952683,91632.15062474464,93495.16263653032,95301.24685489605,97092.71238942862,98899.75178868567,100743.18871589097,102636.87987614043,104589.66630985812,106606.88318360123,108691.48727694535,110844.87597117496,113067.46853252934,115351.22172790635,117702.77898299588,120123.14028835903,122612.49051029286,125170.59067663862,127797.03240991665,130491.39831257152,133253.35850885365,136082.72450183335,138979.47505112085,141943.76420136436,144975.91836644494
Wales,W92000004,population_16_64,1790686.0,1787493.0,1785823.0,1784855.0,1785189.0,1789854.0,1794141.0,1799111.0,1803736.0,1811919.0,1817359.0,1832035.0,1847827.0,1867955.0,1881441.0,1897093.0,1915370.0,1928555.0,1934310.0,1937725.0,1941524.0,1929971.0,1918531.0,1909481.0,1900284.0,1895193.0,1891756.0,1887029.0,1883726.0,1893071.0,1892963.0,1911473.0,1935045.0,1947716.0,1959033.005779167,1960011.050946977,1961543.1113344822,1963581.1057361704,1963723.36470618,1964099.0814079335,1964455.8163230978,1964740.7573150974,1964955.6422751488,1965102.141051845,1965181.8582991671,1965196.336207093,1965147.0571195458,1965035.4460443605,1964862.8730597063,1964630.6556211708,1964340.060773622,1963992.307271759,1963588.5676130815,1963129.9699868788,1962617.6001427162,1962052.5031816894,1961435.685273638,1960768.1153033688,1960050.7264487958,1959284.417693775
Wales,W92000004,population_total,2872998.0,2877674.0,2883558.0,2887447.0,2888517.0,2891304.0,2894871.0,2899521.0,2900599.0,2906870.0,2910232.0,2922876.0,2937721.0,2957422.0,2969309.0,2985668.0,3006299.0,3025867.0,3038872.0,3049971.0,3063758.0,3070928.0,3071058.0,3073788.0,3072739.0,3077165.0,3081366.0,3083840.0,3087732.0,3104483.0,3105633.0,3134196.0,3167331.0,3186581.0,3188843.5332506914,3198303.792717985,3212785.3915992766,3227823.784912902,3240776.1027055974,3252326.195486582,3261705.991296532,3270895.2119557424,3279896.9958669664,3288714.446969061,3297350.633868849,3305808.5890595117,3314091.308220869,3322201.7495979033,3330142.833453357,3337917.441590688,3345528.416943848,3352978.563230147,3360270.6446630913,3367407.38572168,3374391.470973269,3381225.544946805,3387912.2120536272,3394454.036553089,3400853.5425602477,3407113.2140932134
Wales,W92000004,productivity_gbp_per_job,,,,,,,,,,,,,,,,,,,41597.0234570449,42836.126303861936,44373.72653525505,45511.219901684046,46764.949188311824,47081.18181793546,47652.71851020547,48583.10466343751,50798.040522700954,51534.514308568585,53845.05256438613,51701.00306426289,54275.10873745847,58724.57557791716,62671.67527890029,65272.47139094017,66777.53854862836,68078.53891451521,69309.34768893498,70487.87948875812,71566.39893091822,72670.59925213765,74058.62647444791,75434.363089051,76979.309817378,78470.71762612608,79894.690791266,81315.6491750652,82717.37372540987,84233.92102854821,85791.7644428315,87732.86021980566,89621.66080177319,91273.58408355518,92955.22310892244,94624.45752974234,96895.34352554717,98314.29603310201,100528.00422330183,102445.07921953614,104708.01240901668,107074.35018981271
Wales,W92000004,unemployment_rate_pct,,,,,,,,,,,,,,,4.8,5.2,5.4,5.5,7.6,8.0,8.5,8.4,8.2,7.1,6.6,4.9,4.7,4.8,4.2,3.6,4.4,3.5,3.4,3.2,4.1,3.62285714285714,3.449610389610387,3.2763636363636337,3.10311688311688,2.9298701298701273,2.7566233766233736,2.58337662337662,2.4101298701298672,2.2368831168831136,2.06363636363636,1.8903896103896072,1.7171428571428535,1.5438961038960999,1.3706493506493471,1.1974025974025935,1.0241558441558398,0.8509090909090871,0.6776623376623334,0.5167688705234128,0.39407541293096016,0.3005123565578065,0.2291634379629455,0.17475448231325832,0.1332635317397923,0.10162353867369314
West Midlands,E12000005,emp_total_jobs,,,,,,,,,,,,,,,,,,,2302000.0,2312000.0,2302000.0,2323000.0,2340000.0,2404000.0,2447000.0,2505000.0,2579000.0,2577000.0,2593000.0,2564000.0,2605000.0,2663000.0,2684000.0,2671000.0,2734788.1053151707,2758607.83137437,2778710.5090686604,2799782.9125583465,2821197.0425837315,2839219.594313972,2851179.9953600154,2858150.1102143843,2864315.243547943,2873988.848414519,2888767.555079179,2906774.2400286323,2924258.6032931544,2938279.2921208465,2948591.7238091826,2957525.4655957287,2968231.784055397,2982513.8248966434,2999819.7274812153,3017833.9407441313,3034130.5909157335,3047730.8871995267,3059566.501201637,3071660.2004375006,3085700.863043703,3101998.20053994
West Midlands,E12000005,employment_rate_pct,,,,,,,,,,,,,,,71.9,71.1,71.1,70.7,68.7,68.3,67.2,67.5,68.9,69.2,70.2,70.6,72.0,72.8,73.5,74.2,73.5,73.5,74.3,74.6,74.2,74.28619047619046,74.55463203463202,74.82307359307357,75.09151515151514,75.35995670995669,75.62839826839826,75.89683982683981,76.16528138528136,76.43372294372293,76.70216450216448,76.97060606060604,77.2390476190476,77.50748917748916,77.77593073593071,78.04437229437227,78.31281385281383,78.58125541125538,78.84969696969695,79.1181385281385,79.38658008658007,79.65502164502162,79.92346320346317,80.19190476190474,80.46034632034629,80.72878787878786
West Midlands,E12000005,gdhi_total_mn_gbp,,,,,,,50874.0,52444.0,54469.0,56892.0,59206.0,60735.0,62685.0,65090.0,66611.0,69537.0,71925.0,74436.0,76649.0,77929.0,79533.0,82132.0,85463.0,89190.0,94326.0,96869.0,98806.0,102285.0,105932.0,106776.0,110472.0,117367.0,128655.0,130552.20982900937,134266.64227557214,137080.53312773918,141998.05460406916,147038.223897704,152250.02382216047,157639.02561639427,163210.97143739957,168971.7792592374,174927.547901308,181084.5621889301,187449.298249398,194028.4289467107,200828.82945827028,207857.58299689836,215121.98668158674,222629.5575604906,230388.03878972595,238405.40597161505,246689.87365611,255249.90200918246,264094.2036520715,273231.75067534606,282671.78183181694,292423.8099124453,302497.6293094526,312903.32377093233
West Midlands,E12000005,income_per_worker_gbp,,,,,,,,,,,,,,,,,,,33295.375962241014,33707.90069341994,34549.80417125136,35359.66078396633,36527.48715184623,37107.426622991465,38267.30823269121,38676.33215166221,38317.90927868923,39705.13257638124,40861.1939439327,41655.01353185971,42421.559323353256,44079.97121734583,47935.10701577506,48879.97442369528,49094.062175830244,49691.20457728163,51103.94090249724,52525.75649234289,53967.42677203456,55506.770687253644,57228.500669053916,59112.01101755543,61055.82969456708,62967.21801990941,64864.256974515745,66736.98974113003,68636.8846893997,70752.27806939447,72959.34330346901,75209.70124028728,77584.95155974162,79933.8703932661,82275.92134032903,84555.77785299376,87125.2125252154,89685.14013999749,92376.76041248653,95053.98158791085,97932.30709345012,100827.17686127107
West Midlands,E12000005,nominal_gva_mn_gbp,,,,,,,,70546.0,72689.0,74878.0,77766.0,80668.0,84705.0,88717.0,92660.0,95876.0,98602.0,101917.0,98608.0,102000.0,105200.0,108734.0,113782.0,119185.0,123674.0,129396.0,136041.0,140713.0,143711.0,135792.0,146778.0,158960.0,174608.0,176890.55799534635,183597.9990403857,188151.43126088148,192310.1328207044,196229.71945867076,200030.20388837942,203800.3765424264,207603.61105995896,211483.62605284675,215469.52272958163,219579.87792689743,223825.91139490315,228213.8513133753,232746.6527367492,237425.21739944993,242232.6763212274,247183.00007937956,252278.3098570227,257519.01527348423,262904.63580869476,268434.3350145108,274107.25732881634,279922.73087448586,285880.38064650993,291980.18295116245,298222.4823601738,304607.98567489133
West Midlands,E12000005,population_16_64,3340428.0,3332299.0,3324769.0,3316601.0,3317522.0,3321515.0,3318890.0,3325186.0,3328633.0,3330402.0,3344420.0,3362972.0,3384666.0,3402891.0,3431491.0,3463300.0,3491341.0,3516742.0,3525232.0,3541207.0,3561093.0,3555590.0,3562521.0,3572235.0,3587281.0,3616049.0,3633918.0,3647134.0,3659367.0,3666148.0,3684959.0,3720625.0,3773066.0,3824226.0,3823280.4987649485,3805850.1719198497,3789570.2081066533,3795666.554634751,3802197.445648395,3809192.3239718266,3816163.056956451,3823006.723011988,3829726.0413267706,3836323.618347414,3842801.952339179,3849163.437766316,3855410.3694993216,3861544.9468561704,3867569.2774838065,3873485.381086451,3879295.1930065523,3885000.5676643597,3890603.28186156,3896105.0379544953,3901507.4669019077,3906812.131192402,3912020.52765615,3917134.0901655774,3922154.1922292896,3927082.1494835755
West Midlands,E12000005,population_total,5229699.0,5237375.0,5245930.0,5249295.0,5256911.0,5263046.0,5262278.0,5271352.0,5271959.0,5269626.0,5280727.0,5301243.0,5325475.0,5346376.0,5380687.0,5415521.0,5451924.0,5496240.0,5528007.0,5565866.0,5608667.0,5640325.0,5676945.0,5716882.0,5756287.0,5812248.0,5855052.0,5889328.0,5920977.0,5931924.0,5956226.0,6020253.0,6105956.0,6187204.0,6190610.470046406,6207986.68388067,6226271.799458339,6234256.26547318,6250182.534216785,6285075.308066774,6315880.662176137,6346414.749827478,6376681.7128569465,6406685.666773428,6436430.69860715,6465920.864903859,6495160.189857967,6524152.663579134,6552902.240486561,6581412.837825355,6609688.334299952,6637732.568818727,6665549.339345755,6693142.401853741,6720515.46937435,6747672.211140814,6774616.251818483,6801351.170819334,6827880.501695955,6854207.73161147
West Midlands,E12000005,productivity_gbp_per_job,,,,,,,,,,,,,,,,,,,42837.25718357831,44117.78101185599,45696.38021697453,46817.54776942817,48623.69107686745,49575.23563167089,50173.48670259713,51660.956047656764,52747.99295529942,54594.22822491809,55423.332534685804,52973.28774467447,56354.42567942486,59695.44939767468,65054.206998774,66226.30016052935,67096.7008875313,68237.74289105718,69145.39352304333,69954.38192813333,70789.65671943151,71693.71180804314,72718.73571338465,73923.7299955192,75080.85360473345,76322.44439490205,77284.47264203514,78384.51171422124,79399.33386720954,80521.00261139822,82003.6248176704,83309.676190958,84876.66050557367,86177.0383517446,87382.23374201496,88662.48471253262,90224.0734722662,91528.5880946297,93159.94767182847,94675.71046088434,96263.15566387141,97813.91564341937
West Midlands,E12000005,unemployment_rate_pct,,,,,,,,,,,,,,,5.1,5.4,5.7,6.2,8.5,9.0,8.7,9.0,9.2,7.5,6.2,5.9,5.1,4.8,4.7,4.8,5.4,4.9,4.7,3.9,4.8,4.572380952380952,4.427445887445886,4.2825108225108215,4.137575757575757,3.992640692640692,3.847705627705627,3.702770562770562,3.557835497835497,3.4129004329004324,3.267965367965367,3.123030303030302,2.9780952380952375,2.8331601731601728,2.688225108225108,2.5432900432900425,2.398354978354978,2.253419913419913,2.1084848484848475,1.9635497835497828,1.8186147186147181,1.6736796536796534,1.5287445887445887,1.3838095238095232,1.2388744588744585,1.0939393939393938
Yorkshire and The Humber,E12000003,emp_total_jobs,,,,,,,,,,,,,,,,,,,2224000.0,2202000.0,2184000.0,2164000.0,2193000.0,2261000.0,2313000.0,2340000.0,2381000.0,2390000.0,2397000.0,2343000.0,2438000.0,2473000.0,2496000.0,2499000.0,2519199.5322067006,2536515.4127063504,2550348.3269270645,2565010.880507753,2579924.0977588515,2591678.6366103953,2597858.286913176,2599468.2166261612,2600332.8825578666,2604365.108977662,2612991.780376034,2624492.915565506,2635472.776134359,2643288.0259518498,2647736.1962849554,2650923.647428079,2655676.6423898973,2663596.9207251687,2674175.1677122093,2685336.342980089,2694922.4744361783,2702074.2551673087,2707629.3715895964,2713383.2893353445,2720824.0234162947,2730214.879566675
Yorkshire and The Humber,E12000003,employment_rate_pct,,,,,,,,,,,,,,,72.3,72.0,71.4,71.3,70.2,68.9,67.8,67.8,69.6,70.0,71.7,72.2,73.0,73.5,73.8,74.1,73.5,74.7,74.2,72.9,73.4,74.12666666666665,74.3360173160173,74.54536796536796,74.7547186147186,74.96406926406925,75.1734199134199,75.38277056277055,75.5921212121212,75.80147186147185,76.01082251082249,76.22017316017315,76.4295238095238,76.63887445887445,76.8482251082251,77.05757575757575,77.2669264069264,77.47627705627704,77.6856277056277,77.89497835497835,78.10432900432899,78.31367965367964,78.5230303030303,78.73238095238094,78.94173160173159,79.15108225108224
Yorkshire and The Humber,E12000003,gdhi_total_mn_gbp,,,,,,,47018.0,48263.0,50584.0,52724.0,54684.0,56280.0,58438.0,60836.0,62845.0,65369.0,68435.0,69777.0,72007.0,72743.0,74383.0,76934.0,79427.0,81963.0,86162.0,87113.0,90019.0,93448.0,96796.0,97866.0,101026.0,107372.0,117626.0,119146.05804878341,122315.31480695531,125134.50878566725,129510.9646196676,133991.4932087486,138620.41135864763,143402.39050631772,148342.2405325095,153444.91357354363,158715.50792886474,164159.2720665135,169781.6087287274,175588.0791398814,181584.40731906836,187776.48449962595,194170.3736579856,200772.3141542564,207588.72648700944,214626.2171647617,221891.58369673605,229391.819705485,237134.1201640597,245125.88676042252,253374.7333918625,261888.49179225293,270675.2172950035,279743.1947346459
Yorkshire and The Humber,E12000003,income_per_worker_gbp,,,,,,,,,,,,,,,,,,,32374.750298660965,33039.37470662093,34056.34539814519,35551.38410293249,36216.32160658727,36261.53008179845,36994.436542377865,37226.01422839996,37812.69274924208,39113.27861058025,40390.52689320706,41779.01571111256,41438.79260048974,43421.93137954784,47124.822081830964,47686.8475951181,48536.87475280609,49338.545063806996,50787.6712726886,52250.773156197276,53739.725934469985,55325.4430030946,57106.53274562357,59027.973255713856,61020.3277786366,63000.11518147881,64999.61415891209,66906.08218565646,68944.63220064525,71039.75519563022,73338.43611305203,75743.34717701306,78149.24567692922,80619.00926828309,83023.64843830085,85387.23861867578,87973.5588374144,90692.37718367428,93620.20236980496,96630.83702932295,99482.58261355029,102479.43613694474
Yorkshire and The Humber,E12000003,nominal_gva_mn_gbp,,,,,,,,62629.0,64589.0,66857.0,70287.0,74249.0,79307.0,83787.0,88017.0,92396.0,97660.0,99000.0,97143.0,97826.0,99400.0,101772.0,104433.0,107643.0,112293.0,114445.0,120022.0,123795.0,128503.0,123567.0,137374.0,150684.0,163826.0,167930.31299759823,169288.30680104005,173442.8181851483,177231.42962005574,180797.7966431185,184252.6343110337,187677.79308787323,191131.64025840227,194654.39293341956,198272.7766097394,202003.8076713787,205857.71871474455,209840.1422114494,213953.69602885508,218199.10827991678,222560.77874599962,227051.45085585074,231672.97348654663,236425.62221879078,241308.85528204517,246321.80479656762,251463.58617780468,256733.48415690116,262131.056350593,267656.18281940627,273309.081196629,279090.30072984035
Yorkshire and The Humber,E12000003,population_16_64,3143014.0,3141180.0,3132632.0,3129366.0,3126918.0,3128518.0,3128025.0,3130462.0,3133266.0,3140324.0,3161573.0,3188270.0,3216088.0,3253535.0,3296402.0,3322437.0,3349351.0,3373479.0,3382687.0,3396140.0,3409275.0,3399972.0,3395334.0,3391621.0,3393464.0,3402093.0,3403569.0,3404385.0,3409234.0,3409982.0,3416409.0,3451940.0,3495366.0,3533340.0,3533579.614275451,3539692.507596411,3546816.8504633186,3554869.3079326022,3559499.9459469244,3564560.289766461,3569593.2053577364,3574502.492704433,3579290.845055719,3583960.8459676728,3588514.973786175,3592955.605950765,3597285.023126528,3601505.4131710175,3605618.8749426343,3609627.421956903,3613532.985896591,3617337.4199815886,3621042.5022041323,3624649.938434655,3628161.3654035246,3631578.3535635625,3634902.4098381503,3638134.9802593547,3641277.4525006507,3644331.158308316
Yorkshire and The Humber,E12000003,population_total,4936100.0,4949033.0,4954142.0,4960087.0,4960575.0,4961254.0,4957561.0,4957703.0,4956325.0,4958609.0,4976643.0,5000111.0,5026314.0,5063199.0,5108408.0,5134016.0,5164138.0,5198675.0,5223344.0,5254788.0,5288212.0,5313486.0,5335092.0,5356428.0,5377362.0,5408058.0,5427784.0,5443883.0,5464651.0,5468487.0,5482455.0,5541088.0,5610523.0,5672962.0,5674981.430756964,5689803.595428478,5705452.704153607,5725940.989450251,5755635.943164458,5782899.212733804,5806354.8702221615,5829517.801839168,5852392.494360112,5874983.3965050755,5897294.917097778,5919331.423367315,5941097.23938586,5962596.644636751,5983833.872706664,6004813.110096348,6025538.495144363,6046014.11705812,6066244.015047651,6086232.177556359,6105982.541584503,6125498.992100433,6144785.36153509,6163845.4293555245,6182682.921713226,6201301.51116326
Yorkshire and The Humber,E12000003,productivity_gbp_per_job,,,,,,,,,,,,,,,,,,,43685.103070241166,44426.48736947863,45518.209851833664,47026.102922376784,47619.43438745526,47613.884435958185,48197.82343912144,48926.19455690146,50410.26195448297,51801.919798008406,53598.926844002366,52735.228213234164,56357.83329512758,60927.304068363665,65618.65358825005,67186.60376597269,67170.31743277781,68379.18160181787,69457.14761753335,70349.86356329817,71353.92251468568,72169.04947685135,73466.133914952,74664.85814068477,75939.34135381808,77238.54829189264,78450.87190435317,79541.49997472971,80613.51881779602,82045.56586921509,83551.66609582816,85227.06274276573,86658.25410541488,88327.00195977537,89693.11993151264,90954.95057672037,92719.37409436659,94306.70565816465,95814.8745539989,97713.00160989753,99278.8794272434,100589.36980673594
Yorkshire and The Humber,E12000003,unemployment_rate_pct,,,,,,,,,,,,,,,4.4,5.4,5.5,5.5,7.5,8.7,8.8,9.8,9.1,8.3,6.6,5.8,5.0,4.7,4.5,3.8,5.1,4.0,3.6,3.0,4.0,3.956190476190474,3.7829437229437204,3.609696969696967,3.436450216450214,3.2632034632034603,3.0899567099567076,2.916709956709954,2.7434632034632003,2.5702164502164475,2.396969696969694,2.223722943722941,2.0504761904761875,1.8772294372294338,1.703982683982681,1.5307359307359274,1.3574891774891746,1.184242424242421,1.0109956709956673,0.8377489177489146,0.6645021645021609,0.5239222026890319,0.4130828899198181,0.3256923891919666,0.25678994450281234,0.20246428159207328
